,Name,Depot 1,Depot 2,Patient 1,Patient 2,Patient 3,Patient 4,Patient 5,Patient 6,Patient 7,Patient 8,Patient 9,Patient 10,Dest Patient1,Dest Patient2,Dest Patient3,Dest Patient4,Dest Patient5,Dest Patient6,Dest Patient7,Dest Patient8,Dest Patient9,Dest Patient10
0,Depot 1,0,1117,1156,1156,1161,1957,1957,622,622,622,622,774,1957,622,622,1156,622,1156,1161,1957,774,622
1,Depot 2,1203,0,369,369,474,989,989,929,929,929,929,887,989,929,929,369,929,369,474,989,887,929
2,Brigham and Women's Hospital,1173,420,0,0,158,878,878,898,898,898,898,1000,878,898,898,0,898,0,158,878,1000,898
3,Brigham and Women's Hospital,1173,420,0,0,158,878,878,898,898,898,898,1000,878,898,898,0,898,0,158,878,1000,898
4,Children's Hospital Boston,1178,508,139,139,0,966,966,903,903,903,903,1067,966,903,903,139,903,139,0,966,1067,903
5,Hebrew Rehabilitation Center,1910,968,832,832,923,0,0,1635,1635,1635,1635,1736,0,1635,1635,832,1635,832,923,0,1736,1635
6,Hebrew Rehabilitation Center,1910,968,832,832,923,0,0,1635,1635,1635,1635,1736,0,1635,1635,832,1635,832,923,0,1736,1635
7,Mass General Hospital,715,985,834,834,839,1671,1671,0,0,0,0,708,1671,0,0,834,0,834,839,1671,708,0
8,Mass General Hospital,715,985,834,834,839,1671,1671,0,0,0,0,708,1671,0,0,834,0,834,839,1671,708,0
9,Mass General Hospital,715,985,834,834,839,1671,1671,0,0,0,0,708,1671,0,0,834,0,834,839,1671,708,0
10,Mass General Hospital,715,985,834,834,839,1671,1671,0,0,0,0,708,1671,0,0,834,0,834,839,1671,708,0
11,Tufts Medical Center,891,1085,1139,1139,1156,1850,1850,617,617,617,617,0,1850,617,617,1139,617,1139,1156,1850,0,617
12,Hebrew Rehabilitation Center,1910,968,832,832,923,0,0,1635,1635,1635,1635,1736,0,1635,1635,832,1635,832,923,0,1736,1635
13,Mass General Hospital,715,985,834,834,839,1671,1671,0,0,0,0,708,1671,0,0,834,0,834,839,1671,708,0
14,Mass General Hospital,715,985,834,834,839,1671,1671,0,0,0,0,708,1671,0,0,834,0,834,839,1671,708,0
15,Brigham and Women's Hospital,1173,420,0,0,158,878,878,898,898,898,898,1000,878,898,898,0,898,0,158,878,1000,898
16,Mass General Hospital,715,985,834,834,839,1671,1671,0,0,0,0,708,1671,0,0,834,0,834,839,1671,708,0
17,Brigham and Women's Hospital,1173,420,0,0,158,878,878,898,898,898,898,1000,878,898,898,0,898,0,158,878,1000,898
18,Children's Hospital Boston,1178,508,139,139,0,966,966,903,903,903,903,1067,966,903,903,139,903,139,0,966,1067,903
19,Hebrew Rehabilitation Center,1910,968,832,832,923,0,0,1635,1635,1635,1635,1736,0,1635,1635,832,1635,832,923,0,1736,1635
20,Tufts Medical Center,891,1085,1139,1139,1156,1850,1850,617,617,617,617,0,1850,617,617,1139,617,1139,1156,1850,0,617
21,Mass General Hospital,715,985,834,834,839,1671,1671,0,0,0,0,708,1671,0,0,834,0,834,839,1671,708,0
